Shop Name,Owner Name,Phone,City,Has Website,On Google Maps,Source,First Contact Date,Contact Method,Status,Service Interest,Deal Value,Next Follow-Up,Notes
Example Auto Repair,John Smith,(555) 123-4567,Elgin IL,No,Yes,Google Maps,5/8/2026,Call,Contacted,Website + Ads,$1500 + $500/mo,5/15/2026,Left voicemail. Has FB page but no site.
Best Brakes LLC,Maria G.,(555) 987-6543,Aurora IL,No,No,Drive-by,5/8/2026,In person,Interested,Full Package,$1500 + $500/mo,5/10/2026,Owner was in shop. Said to call back Thursday.
,,,,,,,,,,,,,,
,,,,,,,,,,,,,,
,,,,,,,,,,,,,,
,,,,,,,,,,,,,,
,,,,,,,,,,,,,,
,,,,,,,,,,,,,,
,,,,,,,,,,,,,,
,,,,,,,,,,,,,,
